Protein name,Component name,Label,Peptide,Modifiers,Sequence start,Sequence end,Response,Observed RT (min),Expected mass (Da),Observed mass (Da),Mass error (ppm),Observed m/z,Charge,Matched 1st Gen Primary Ions,% Matched 1st Gen Primary Ions (%),Assigned intensity (%),Alternate assignments,Comment,Ref RT (min),Sheet_Name,PT_Name,Cxprenylation,No_prenylation,response_sum,Response_unmodified,%modification,%modification_sum,Protein_name_list,No_replicate,sum_%modification_sum,sum_%modification,avg_%modification_sum,avg_%modification,avg_%biproduct
PTsub_H_01,":1&:macrocyclization [9], C10prenylation [?]+H⁺",:1&,FFPHEEIPs,"macrocyclization [9], C10prenylation [?]",1,9,1259450368.0,11.2621688842773,1293.63364645213,1293.63296239102,-0.528790727758325,647.320119421575,1.52616465091705,,,0,No,,8.09783840179443,Sample_250912_others_PT6_G,PT6,C10prenylation,1.0,1268465859.0,2752173312.0,31.324630598143273,31.5488608913023,others,1,31.5488608913023,31.324630598143273,31.5488608913023,31.324630598143273,0.7107397440801009
PTsub_H_02,":1&:macrocyclization [9], C10prenylation [?]+H⁺",:1&,FFAHAEIPs,"macrocyclization [9], C10prenylation [?]",1,9,404463104.0,11.5104694366455,1209.61251645213,1209.61064783654,-1.5448074964385,605.308962144335,1.52292835712433,,,0,No,,8.14093208312988,Sample_250912_others_PT6_G,PT6,C10prenylation,1.0,404463104.0,0.0,100.0,100.0,others,1,100.0,100.0,100.0,100.0,0.0
PTsub_H_03,":1&:macrocyclization [9], C10prenylation [?]+H⁺",:1&,FFLHAEIPs,"macrocyclization [9], C10prenylation [?]",1,9,1604292736.0,12.280535697937,1251.65946645213,1251.66095224088,1.18705368220479,1251.66095224088,1.44372856616974,,,0,No,,8.95296382904053,Sample_250912_others_PT6_G,PT6,C10prenylation,1.0,1611343409.0,907784192.0,63.68445708598308,63.96434259067927,others,1,63.96434259067927,63.68445708598308,63.96434259067927,63.68445708598308,0.437564889062088
PTsub_H_04,":1&:macrocyclization [9], C10prenylation [?]+H⁺",:1&,FFGHLEIPs,"macrocyclization [9], C10prenylation [?]",1,9,92214632.0,12.047532081604,1237.64381645213,1237.6412403835,-2.08143406377906,619.324258417815,1.60763084888458,,,0,No,,8.8986291885376,Sample_250912_others_PT6_G,PT6,C10prenylation,1.0,92214632.0,539323776.0,14.60158730361812,14.60158730361812,others,1,14.60158730361812,14.60158730361812,14.60158730361812,14.60158730361812,0.0
PTsub_R_02,":1&:macrocyclization [9], C5prenylation (2) [2?]+H⁺",:1&,FARAFIVLs,"macrocyclization [9], C5prenylation (2) [2?]",1,9,62619928.0,12.8779563903809,1214.71183645213,1214.71197814723,0.116649134831046,1214.71197814723,1.46748375892639,,,0,No,,10.3902311325073,Sample_250912_others_PT3_D,PT3,C5prenylation,2.0,62619928.0,0.0,100.0,100.0,others,1,100.0,100.0,100.0,100.0,0.0
PTsub_R_03,":1&:macrocyclization [9], C5prenylation (2) [2?]+H⁺",:1&,FLRAFIVLs,"macrocyclization [9], C5prenylation (2) [2?]",1,9,69438232.0,13.734580039978,1256.75878645213,1256.75845552776,-0.263315809464536,1256.75845552776,1.4176025390625,,,0,No,,11.6037864685059,Sample_250912_others_PT3_D,PT3,C5prenylation,2.0,69438232.0,0.0,100.0,100.0,others,1,100.0,100.0,100.0,100.0,0.0
PTsub_R_04,":1&:macrocyclization [9], C5prenylation (2) [2?]+H⁺",:1&,FGRLFIVLs,"macrocyclization [9], C5prenylation (2) [2?]",1,9,26319378.0,13.7307968139648,1242.74313645213,1242.74203305602,-0.887872208631838,1242.74203305602,1.48268818855286,,,0,No,,11.1760005950928,Sample_250912_others_PT3_D,PT3,C5prenylation,2.0,26319378.0,0.0,100.0,100.0,others,1,100.0,100.0,100.0,100.0,0.0
PTsub_S_02,":1&:macrocyclization [8], C5prenylation [?]+H⁺",:1&,FATAIAPs,"macrocyclization [8], C5prenylation [?]",1,8,4339749.0,11.2335929870605,900.464786452133,900.46403774084,-0.831472731665291,900.46403774084,1.0,,,0,No,,8.18771076202393,Sample_250912_others_TruF_D,TruF,C5prenylation,1.0,4339749.0,338672320.0,1.2651884269413272,1.2651884269413272,others,1,1.2651884269413272,1.2651884269413272,1.2651884269413272,1.2651884269413272,0.0
PTsub_S_03,":1&:macrocyclization [8], C5prenylation [?]+H⁺",:1&,FLTAIAPs,"macrocyclization [8], C5prenylation [?]",1,8,62237100.0,12.8284873962402,942.511736452133,942.510763703394,-1.0320823659597,942.510763703394,1.0,,,0,No,,9.93629169464111,Sample_250912_others_TruF_D,TruF,C5prenylation,1.0,62237100.0,239160928.0,20.649471535361208,20.649471535361208,others,1,20.649471535361208,20.649471535361208,20.649471535361208,20.649471535361208,0.0
PTsub_S_04,":1&:macrocyclization [8], C5prenylation [?]+H⁺",:1&,FGTLIAPs,"macrocyclization [8], C5prenylation [?]",1,8,64084332.0,12.5963163375854,928.496086452133,928.495217190087,-0.93620519547602,928.495217190087,1.0,,,0,No,,9.25806713104248,Sample_250912_others_TruF_D,TruF,C5prenylation,1.0,64084332.0,230966080.0,21.719790718340025,21.719790718340025,others,1,21.719790718340025,21.719790718340025,21.719790718340025,21.719790718340025,0.0
PTsub_S_05,":1&:macrocyclization [8], C5prenylation [?]+H⁺",:1&,FFTFIAPs,"macrocyclization [8], C5prenylation [?]",1,8,54230012.0,14.7037754058838,1052.52738645213,1052.52479330872,-2.46373618257693,1052.52479330872,1.0,,,0,No,,11.7460145950317,Sample_250912_others_TruF_D,TruF,C5prenylation,1.0,54230012.0,58498856.0,48.106587923867025,48.106587923867025,others,1,48.106587923867025,48.106587923867025,48.106587923867025,48.106587923867025,0.0
PTsub_W_01,":1&:macrocyclization [9], C5prenylation [?]+H⁺",:1&,FQPWFAAPs,"macrocyclization [9], C5prenylation [?]",1,9,40259856.0,12.5950775146484,1173.55499645213,1173.55240130351,-2.21136152318779,587.27983887782,1.63855791091919,,,0,No,,9.7232494354248,Sample_250912_W1-17_PT16_D,PT16,C5prenylation,1.0,40259856.0,409327424.0,8.95484765494255,8.95484765494255,W1-17,1,8.95484765494255,8.95484765494255,8.95484765494255,8.95484765494255,0.0
PTsub_W_01,":1&:macrocyclization [9], C5prenylation [?]+H⁺",:1&,FQPWFAAPs,"macrocyclization [9], C5prenylation [?]",1,9,8460966.0,12.4727573394775,1173.55499645213,1173.55154271256,-2.94298072517679,587.279409582348,1.51591312885284,,,0,No,,9.7232494354248,Sample_250912_W1-17_PT6_D,PT6,C5prenylation,1.0,16919020.0,418820960.0,1.9417465434317043,3.8828247984038553,W1-17,1,3.8828247984038553,1.9417465434317043,3.8828247984038553,1.9417465434317043,49.991394300615525
PTsub_W_02,":1&:macrocyclization [9], C10prenylation [?]+H⁺",:1&,FQGWAAAPs,"macrocyclization [9], C10prenylation [?]",1,9,10361726.0,13.523811340332,1125.55499645213,1125.55315025877,-1.6402542695162,1125.55315025877,1.42163681983948,,,0,No,,8.06255435943604,Sample_250912_W1-17_PT8_G,PT8,C10prenylation,1.0,10361726.0,185687328.0,5.285272123781837,5.285272123781837,W1-17,1,5.285272123781837,5.285272123781837,5.285272123781837,5.285272123781837,0.0
PTsub_W_05,":1&:macrocyclization [9], C5prenylation [?]+H⁺",:1&,FQFWAAAPs,"macrocyclization [9], C5prenylation [?]",1,9,416833856.0,12.4459533691406,1147.53934645213,1147.53793204841,-1.2325550909623,574.272604250273,1.50858056545258,,,0,No,,9.77598667144775,Sample_250912_W1-17_PT16_D,PT16,C5prenylation,1.0,416833856.0,33621568.0,92.53609431507256,92.53609431507256,W1-17,1,92.53609431507256,92.53609431507256,92.53609431507256,92.53609431507256,0.0
PTsub_W_06,":1&:macrocyclization [9], C5prenylation [?]+H⁺",:1&,FQLWAAAPs,"macrocyclization [9], C5prenylation [?]",1,9,152604240.0,12.25461769104,1113.55499645213,1113.55361800315,-1.23788290534141,557.280447227639,1.544877409935,,,0,No,,9.60459995269775,Sample_250912_W1-17_PT16_D,PT16,C5prenylation,1.0,152604240.0,358732160.0,29.844196501559445,29.844196501559445,W1-17,1,29.844196501559445,29.844196501559445,29.844196501559445,29.844196501559445,0.0
PTsub_W_07,":1&:macrocyclization [9], C5prenylation [?]+H⁺",:1&,FQPWAAAPs,"macrocyclization [9], C5prenylation [?]",1,9,183331024.0,11.1313877105713,1097.52369645213,1097.52160454396,-1.90602915516166,1097.52160454396,1.46531665325165,,,0,No,,8.28751087188721,Sample_250912_W1-17_PT16_D,PT16,C5prenylation,1.0,183331024.0,223465120.0,45.06705058639887,45.06705058639887,W1-17,1,45.06705058639887,45.06705058639887,45.06705058639887,45.06705058639887,0.0
PTsub_W_07,":1&:macrocyclization [9], C10prenylation [?]+H⁺",:1&,FQPWAAAPs,"macrocyclization [9], C10prenylation [?]",1,9,6524987.5,13.8920822143555,1165.58629645213,1165.58520725986,-0.9344595879548,1165.58520725986,1.44399893283844,,,0,No,,8.28751087188721,Sample_250912_W1-17_PT8_G,PT8,C10prenylation,1.0,8892332.0,264582448.0,2.3859558457273464,3.2516095268455834,W1-17,1,3.2516095268455834,2.3859558457273464,3.2516095268455834,2.3859558457273464,26.622313471876666
PTsub_W_08,":1&:macrocyclization [9], C5prenylation [?]+H⁺",:1&,FQAWAAAPs,"macrocyclization [9], C5prenylation [?]",1,9,275680544.0,10.9290246963501,1071.50804645213,1071.50663865838,-1.31384510412721,1071.50663865838,1.48891735076904,,,0,No,,8.10938167572021,Sample_250912_W1-17_PT16_D,PT16,C5prenylation,1.0,275680544.0,149389472.0,64.85532585765823,64.85532585765823,W1-17,1,64.85532585765823,64.85532585765823,64.85532585765823,64.85532585765823,0.0
PTsub_W_09,":1&:macrocyclization [9], C5prenylation [?]+H⁺",:1&,FQGWKAAPs,"macrocyclization [9], C5prenylation [?]",1,9,7756660.5,11.1375255584717,1114.55024645213,1114.54852911935,-1.54083266393511,1114.54852911935,1.0,,,0,No,,7.24935913085938,Sample_250912_W1-17_PT16_D,PT16,C5prenylation,1.0,10163481.0,688769792.0,1.109785554593278,1.454141817626702,W1-17,1,1.454141817626702,1.109785554593278,1.454141817626702,1.109785554593278,23.681064588008766
PTsub_W_09,":1&:macrocyclization [9], C10prenylation [?]+H⁺",:1&,FQGWKAAPs,"macrocyclization [9], C10prenylation [?]",1,9,1894023.0,11.8961801528931,1182.61284645213,1182.60869800601,-3.50787722711667,591.807987229073,2.0,,,0,No,,7.24935913085938,Sample_250912_W1-17_PT8_G,PT8,C10prenylation,1.0,1894023.0,555083072.0,0.34005401963612164,0.34005401963612164,W1-17,1,0.34005401963612164,0.34005401963612164,0.34005401963612164,0.34005401963612164,0.0
PTsub_W_14,":1&:macrocyclization [9], C10prenylation [?]+H⁺",:1&,FQGWNAAPs,"macrocyclization [9], C10prenylation [?]",1,9,4783862.5,12.9702577590942,1168.56081645213,1168.55935785871,-1.24819797204498,1168.55935785871,1.48952043056488,,,0,No,,7.72401762008667,Sample_250912_W1-17_PT8_G,PT8,C10prenylation,1.0,4783862.5,169856224.0,2.739269428843303,2.739269428843303,W1-17,1,2.739269428843303,2.739269428843303,2.739269428843303,2.739269428843303,0.0
PTsub_W_15,":1&:macrocyclization [9], C5prenylation [?]+H⁺",:1&,FQFWFAAPs,"macrocyclization [9], C5prenylation [?]",1,9,66359272.0,14.1445264816284,1223.57064645213,1223.56828393843,-1.93083928073773,612.28778019528,1.60351407527924,,,0,No,,11.1167583465576,Sample_250912_W1-17_PT16_D,PT16,C5prenylation,1.0,66359272.0,178433344.0,27.108363432008098,27.108363432008098,W1-17,1,27.108363432008098,27.108363432008098,27.108363432008098,27.108363432008098,0.0
PTsub_W_16,":1&:macrocyclization [9], C5prenylation [?]+H⁺",:1&,FQIWIAAPs,"macrocyclization [9], C5prenylation [?]",1,9,557675904.0,13.6552658081055,1155.60194645213,1155.60238608348,0.380434784144633,1155.60238608348,1.4446861743927,,,0,No,,10.6398344039917,Sample_250912_W1-17_PT16_D,PT16,C5prenylation,1.0,557675904.0,20374662.0,96.47528033040625,96.47528033040625,W1-17,1,96.47528033040625,96.47528033040625,96.47528033040625,96.47528033040625,0.0
PTsub_W_16,":1&:macrocyclization [9], C5prenylation [?]+H⁺",:1&,FQIWIAAPs,"macrocyclization [9], C5prenylation [?]",1,9,2785061.0,13.3032808303833,1155.60194645213,1155.59982645539,-1.83454228361295,1155.59982645539,1.45874857902527,,,0,No,,10.6398344039917,Sample_250912_W1-17_PT6_D,PT6,C5prenylation,1.0,2785061.0,514512128.0,0.5383870353875053,0.5383870353875053,W1-17,1,0.5383870353875053,0.5383870353875053,0.5383870353875053,0.5383870353875053,0.0
PTsub_W_22,":1&:macrocyclization [12], C5prenylation [?]+H⁺",:1&,FLNGDNFWAAPs,"macrocyclization [12], C5prenylation [?]",1,12,189055520.0,11.7087249755859,1461.66198645213,1461.65967809948,-1.57926820161014,731.333477275807,1.79009485244751,,,0,No,,9.24880599975586,Sample_250912_W18-33_PT16_D,PT16,C5prenylation,1.0,190553822.5,205319376.0,47.75658486514085,48.13506527393771,W18-33,1,48.13506527393771,47.75658486514085,48.13506527393771,47.75658486514085,0.78628834643294
PTsub_W_23,":1&:macrocyclization [12], C5prenylation [?]+H⁺",:1&,FLNGDNLWAAPs,"macrocyclization [12], C5prenylation [?]",1,12,20255154.0,11.3786783218384,1427.67763645213,1427.67458680827,-2.13609172063515,714.340931630201,1.81019461154938,,,0,No,,9.05015087127686,Sample_250912_W18-33_PT16_D,PT16,C5prenylation,1.0,20255154.0,330034304.0,5.782404676306302,5.782404676306302,W18-33,1,5.782404676306302,5.782404676306302,5.782404676306302,5.782404676306302,0.0
PTsub_W_23,":1&:macrocyclization [12], C10prenylation [?]+H⁺",:1&,FLNGDNLWAAPs,"macrocyclization [12], C10prenylation [?]",1,12,5999550.0,13.8518848419189,1495.74023645213,1495.73665858246,-2.39204518819828,748.371967517295,1.7691262960434,,,0,No,,9.05015087127686,Sample_250912_W18-33_PT8_G,PT8,C10prenylation,1.0,5999550.0,349158272.0,1.689263090480378,1.689263090480378,W18-33,1,1.689263090480378,1.689263090480378,1.689263090480378,1.689263090480378,0.0
PTsub_W_24,":1&:macrocyclization [12], C5prenylation [?]+H⁺",:1&,FLNGDNPWAAPs,"macrocyclization [12], C5prenylation [?]",1,12,15135068.0,10.6472043991089,1411.64633645213,1411.64214557097,-2.96879855922686,706.324711011549,1.82676458358765,,,0,No,,8.54861354827881,Sample_250912_W18-33_PT16_D,PT16,C5prenylation,1.0,15135068.0,287553440.0,5.0002122974553105,5.0002122974553105,W18-33,1,5.0002122974553105,5.0002122974553105,5.0002122974553105,5.0002122974553105,0.0
PTsub_W_24,":1&:macrocyclization [12], C10prenylation [?]+H⁺",:1&,FLNGDNPWAAPs,"macrocyclization [12], C10prenylation [?]",1,12,19420152.0,13.4155521392822,1479.70893645213,1479.70608994969,-1.92369448429726,740.356683200911,1.72941970825195,,,0,No,,8.54861354827881,Sample_250912_W18-33_PT8_G,PT8,C10prenylation,1.0,19420152.0,300124896.0,6.077437945463013,6.077437945463013,W18-33,1,6.077437945463013,6.077437945463013,6.077437945463013,6.077437945463013,0.0
PTsub_W_25,":1&:macrocyclization [12], C5prenylation [?]+H⁺",:1&,FLNGDNAWAAPs,"macrocyclization [12], C5prenylation [?]",1,12,9204397.0,10.396125793457,1385.63068645213,1385.6258152024,-3.51555931116469,693.316545827265,1.83154249191284,,,0,No,,8.14464473724365,Sample_250912_W18-33_PT16_D,PT16,C5prenylation,1.0,9204397.0,98750256.0,8.526169779824126,8.526169779824126,W18-33,1,8.526169779824126,8.526169779824126,8.526169779824126,8.526169779824126,0.0
PTsub_W_25,":1&:macrocyclization [12], C10prenylation [?]+H⁺",:1&,FLNGDNAWAAPs,"macrocyclization [12], C10prenylation [?]",1,12,1428976.0,13.0048360824585,1453.69328645213,1453.68827658279,-3.44631612258738,727.347776517461,2.0,,,0,No,,8.14464473724365,Sample_250912_W18-33_PT8_G,PT8,C10prenylation,1.0,1428976.0,101802304.0,1.3842471002975067,1.3842471002975067,W18-33,1,1.3842471002975067,1.3842471002975067,1.3842471002975067,1.3842471002975067,0.0
PTsub_W_32,":1&:macrocyclization [12], C5prenylation [?]+H⁺",:1&,FLNGDNFWFAPs,"macrocyclization [12], C5prenylation [?]",1,12,16634183.0,13.3197832107544,1537.69328645213,1537.69036333577,-1.90097852997208,769.34881989395,1.83887135982513,,,0,No,,10.4078369140625,Sample_250912_W18-33_PT16_D,PT16,C5prenylation,1.0,16634183.0,290221792.0,5.420843768807174,5.420843768807174,W18-33,1,5.420843768807174,5.420843768807174,5.420843768807174,5.420843768807174,0.0
PTsub_W_33,":1&:macrocyclization [12], C5prenylation [?]+H⁺",:1&,FLNGDNIWIAPs,"macrocyclization [12], C5prenylation [?]",1,12,3624887.0,11.9160242080688,1469.72458645213,1469.7184960567,-4.14391969923928,735.362886254419,2.0,,,0,No,,9.37313461303711,Sample_250912_W18-33_PT16_D,PT16,C5prenylation,1.0,3624887.0,0.0,100.0,100.0,W18-33,1,100.0,100.0,100.0,100.0,0.0
PTsub_Y_01,":1&:macrocyclization [8], C15prenylation_2 [?]+H⁺",:1&,INPYLFPs,"macrocyclization [8], C15prenylation_2 [?]",1,8,3156300.75,17.6611614227295,1209.67404645213,1209.67391187875,-0.111247651459917,1209.67391187875,1.0,,,0,No,,10.0665349960327,Sample_250920_Y_PT8_F_1,PT8,C15prenylation,1.0,3156300.75,0.0,100.0,100.0,Y,3,200.0,200.0,66.66666666666667,66.66666666666667,0.0
PTsub_Y_02,":1&:macrocyclization [8], C10prenylation [?]+H⁺",:1&,INGYAFPs,"macrocyclization [8], C10prenylation [?]",1,8,98777336.0,13.977219581604,1059.53319645213,1059.53180879826,-1.30968590426097,1059.53180879826,1.0083327293396,,,0,No,,7.88219356536865,Sample_250912_Y_PT8_G,PT8,C10prenylation,1.0,98777336.0,0.0,100.0,100.0,Y,1,100.0,100.0,100.0,100.0,0.0
PTsub_Y_02,":1&:macrocyclization [8], C15prenylation_2 [?]+H⁺",:1&,INGYAFPs,"macrocyclization [8], C15prenylation_2 [?]",1,8,3281167.75,16.4665966033936,1127.59579645213,1127.5953656128,-0.382086823200061,1127.5953656128,1.0,,,0,No,,7.88219356536865,Sample_250920_Y_PT8_F_1,PT8,C15prenylation,1.0,3281167.75,120987856.0,2.640374609042505,2.640374609042505,Y,3,5.165024178442846,5.165024178442846,1.7216747261476153,1.7216747261476153,0.0
PTsub_Y_03,":1&:macrocyclization [8], C10prenylation [?]+H⁺",:1&,INKYAFPs,"macrocyclization [8], C10prenylation [?]",1,8,8741708.0,12.358437538147,1130.60669645213,1130.60487297411,-1.61283403706678,1130.60487297411,1.0,,,0,No,,7.40713357925415,Sample_250912_Y_PT8_G,PT8,C10prenylation,1.0,9814264.75,414877696.0,2.0583643694508056,2.3109137108854494,Y,1,2.3109137108854494,2.0583643694508056,2.3109137108854494,2.0583643694508056,10.928549181435116
PTsub_Y_04,":1&:macrocyclization [8], C10prenylation [?]+H⁺",:1&,INDYAFPs,"macrocyclization [8], C10prenylation [?]",1,8,18662128.0,13.733268737793,1117.53867645213,1117.53796366655,-0.637817777415053,1117.53796366655,1.0,,,0,No,,7.83149194717407,Sample_250912_Y_PT8_G,PT8,C10prenylation,1.0,18662128.0,159163856.0,10.494601283915854,10.494601283915854,Y,1,10.494601283915854,10.494601283915854,10.494601283915854,10.494601283915854,0.0
PTsub_Y_04,":1&:macrocyclization [8], C15prenylation_2 [?]+H⁺",:1&,INDYAFPs,"macrocyclization [8], C15prenylation_2 [?]",1,8,10593500.0,16.2268409729004,1185.60127645213,1185.60157390661,0.25088907123456,1185.60157390661,1.0,,,0,No,,7.83149194717407,Sample_250912_Y_PT8_F,PT8,C15prenylation,1.0,10593500.0,8719036.0,54.85297218345638,54.85297218345638,Y,3,60.94989998496462,60.94989998496462,20.31663332832154,20.31663332832154,0.0
PTsub_Y_05,":1&:macrocyclization [8], C15prenylation_2 [?]+H⁺",:1&,INFYAFPs,"macrocyclization [8], C15prenylation_2 [?]",1,8,2916941.5,17.8129692077637,1217.64274645213,1217.64364291413,0.73622689769405,1217.64364291413,1.0,,,0,No,,9.5084400177002,Sample_250920_Y_PT8_F_2,PT8,C15prenylation,1.0,2916941.5,0.0,100.0,100.0,Y,3,163.12794005476184,163.12794005476184,54.37598001825395,54.37598001825395,0.0
PTsub_Y_06,":1&:macrocyclization [8], C15prenylation_2 [?]+H⁺",:1&,INLYAFPs,"macrocyclization [8], C15prenylation_2 [?]",1,8,2046847.75,17.7612781524658,1183.65839645213,1183.65754385738,-0.720305258639624,1183.65754385738,1.0,,,0,No,,9.29558944702148,Sample_250920_Y_PT8_F_1,PT8,C15prenylation,1.0,2046847.75,0.0,100.0,100.0,Y,3,200.0,200.0,66.66666666666667,66.66666666666667,0.0
PTsub_Y_07,":1&:macrocyclization [8], C10prenylation [?]+H⁺",:1&,INPYAFPs,"macrocyclization [8], C10prenylation [?]",1,8,136055680.0,14.6525316238403,1099.56449645213,1099.56378390814,-0.648024243517326,1099.56378390814,1.00552821159363,,,0,No,,8.51727962493896,Sample_250912_Y_PT8_G,PT8,C10prenylation,1.0,136055680.0,7109644.0,95.03396227427251,95.03396227427251,Y,1,95.03396227427251,95.03396227427251,95.03396227427251,95.03396227427251,0.0
PTsub_Y_07,":1&:macrocyclization [8], C15prenylation_2 [?]+H⁺",:1&,INPYAFPs,"macrocyclization [8], C15prenylation_2 [?]",1,8,9902612.0,17.0807800292969,1167.62709645213,1167.62671188232,-0.329360236303065,1167.62671188232,1.0,,,0,No,,8.51727962493896,Sample_250920_Y_PT8_F_1,PT8,C15prenylation,1.0,9902612.0,0.0,100.0,100.0,Y,3,181.8962847186338,181.8962847186338,60.63209490621127,60.63209490621127,0.0
PTsub_Y_08,":1&:macrocyclization [8], C10prenylation [?]+H⁺",:1&,INAYAFPs,"macrocyclization [8], C10prenylation [?]",1,8,49084040.0,14.2805709838867,1073.54884645213,1073.54785636047,-0.922261319253012,1073.54785636047,1.01205432415009,,,0,No,,8.19508838653564,Sample_250912_Y_PT8_G,PT8,C10prenylation,1.0,49084040.0,0.0,100.0,100.0,Y,1,100.0,100.0,100.0,100.0,0.0
PTsub_Y_08,":1&:macrocyclization [8], C15prenylation_2 [?]+H⁺",:1&,INAYAFPs,"macrocyclization [8], C15prenylation_2 [?]",1,8,2507773.5,16.7377128601074,1141.61144645213,1141.61036014229,-0.95155920254413,1141.61036014229,1.0,,,0,No,,8.19508838653564,Sample_250920_Y_PT8_F_1,PT8,C15prenylation,1.0,2507773.5,0.0,100.0,100.0,Y,3,200.0,200.0,66.66666666666667,66.66666666666667,0.0
PTsub_Y_09,":1&:macrocyclization [8], C10prenylation [?]+H⁺",:1&,INGYKFPs,"macrocyclization [8], C10prenylation [?]",1,8,22416406.0,14.652533531189,1116.59104645213,1116.59021361161,-0.745878402439713,1116.59021361161,1.0,,,0,No,,6.78454065322876,Sample_250912_Y_PT8_G,PT8,C10prenylation,1.0,31189872.0,599502848.0,3.5542515854630445,4.945335662032059,Y,1,4.945335662032059,3.5542515854630445,4.945335662032059,3.5542515854630445,28.129214509120146
PTsub_Y_09,":1&:macrocyclization [8], C15prenylation_2 [?]+H⁺",:1&,INGYKFPs,"macrocyclization [8], C15prenylation_2 [?]",1,8,1172869.25,17.0808601379395,1184.65364645213,1184.65251686117,-0.953520926575385,1184.65251686117,1.0,,,0,No,,6.78454065322876,Sample_250920_Y_PT8_F_1,PT8,C15prenylation,1.0,1172869.25,895689088.0,0.13077477983304214,0.13077477983304214,Y,3,0.13077477983304214,0.13077477983304214,0.04359159327768072,0.04359159327768072,0.0
PTsub_Y_10,":1&:macrocyclization [8], C5prenylation (2) [2?]+H⁺",:1&,INGYDFPs,"macrocyclization [8], C5prenylation (2) [2?]",1,8,31855372.0,11.1406698226929,1103.52302645213,1103.53064287317,6.901866371184,1103.53064287317,1.09558081626892,,,0,No,,7.55841636657715,Sample_250912_Y_PT16_D,PT16,C5prenylation,2.0,31855372.0,289352960.0,9.917355443942842,9.917355443942842,Y,1,9.917355443942842,9.917355443942842,9.917355443942842,9.917355443942842,0.0
PTsub_Y_10,":1&:macrocyclization [8], C10prenylation [?]+H⁺",:1&,INGYDFPs,"macrocyclization [8], C10prenylation [?]",1,8,17368284.0,13.6103057861328,1103.52302645213,1103.52202965158,-0.903290127380105,1103.52202965158,1.0,,,0,No,,7.55841636657715,Sample_250912_Y_PT8_G,PT8,C10prenylation,1.0,17368284.0,201421472.0,7.938344243137234,7.938344243137234,Y,1,7.938344243137234,7.938344243137234,7.938344243137234,7.938344243137234,0.0
PTsub_Y_10,":1&:macrocyclization [8], C15prenylation_2 [?]+H⁺",:1&,INGYDFPs,"macrocyclization [8], C15prenylation_2 [?]",1,8,3284470.25,16.1342697143555,1171.58562645213,1171.58529008931,-0.287100585295994,1171.58529008931,1.0,,,0,No,,7.55841636657715,Sample_250912_Y_PT8_F,PT8,C15prenylation,1.0,3284470.25,211326208.0,1.530431885674356,1.530431885674356,Y,3,1.8629248156448286,1.8629248156448286,0.6209749385482762,0.6209749385482762,0.0
PTsub_Y_11,":1&:macrocyclization [8], C15prenylation_2 [?]+H⁺",:1&,INGYFFPs,"macrocyclization [8], C15prenylation_2 [?]",1,8,747336.625,17.493221282959,1203.62709645213,1203.62746812592,0.308794705423217,1203.62746812592,1.0,,,0,No,,9.50710105895996,Sample_250920_Y_PT8_F_2,PT8,C15prenylation,1.0,747336.625,150727088.0,0.4933747903978876,0.4933747903978876,Y,3,0.8043358109552767,0.8043358109552767,0.2681119369850922,0.2681119369850922,0.0
PTsub_Y_14,":1&:macrocyclization [8], C10prenylation [?]+H⁺",:1&,INGYNFPs,"macrocyclization [8], C10prenylation [?]",1,8,37801580.0,13.422534942627,1102.53901645213,1102.53784379764,-1.06359568343203,1102.53784379764,1.02170169353485,,,0,No,,7.38854122161865,Sample_250912_Y_PT8_G,PT8,C10prenylation,1.0,37801580.0,119085888.0,24.09470971894326,24.09470971894326,Y,1,24.09470971894326,24.09470971894326,24.09470971894326,24.09470971894326,0.0
PTsub_Y_14,":1&:macrocyclization [8], C15prenylation_2 [?]+H⁺",:1&,INGYNFPs,"macrocyclization [8], C15prenylation_2 [?]",1,8,833010.125,15.9366788864136,1170.60161645213,1170.60122054017,-0.338212501417825,1170.60122054017,1.0,,,0,No,,7.38854122161865,Sample_250920_Y_PT8_F_1,PT8,C15prenylation,1.0,833010.125,247038288.0,0.3360655837530322,0.3360655837530322,Y,3,0.3360655837530322,0.3360655837530322,0.11202186125101073,0.11202186125101073,0.0
PTsub_Y_15,":1&:macrocyclization [8], C5prenylation [?]+H⁺",:1&,INFYFFPs,"macrocyclization [8], C5prenylation [?]",1,8,856511.875,14.1374130249023,1157.54884645213,1157.54653865622,-1.99369601107231,1157.54653865622,1.0,,,0,No,,11.0022296905518,Sample_250912_Y_TruF_D,TruF,C5prenylation,1.0,856511.875,237889152.0,0.35875494494779336,0.35875494494779336,Y,1,0.35875494494779336,0.35875494494779336,0.35875494494779336,0.35875494494779336,0.0
PTsub_Y_16,":1&:macrocyclization [8], C15prenylation_2 [?]+H⁺",:1&,INIYIFPs,"macrocyclization [8], C15prenylation_2 [?]",1,8,3240817.75,18.1045265197754,1225.70534645213,1225.70548724936,0.114870358386029,1225.70548724936,1.0,,,0,No,,10.4749193191528,Sample_250920_Y_PT8_F_2,PT8,C15prenylation,1.0,3240817.75,4594613.0,41.36106684370863,41.36106684370863,Y,3,56.0565430866959,56.0565430866959,18.685514362231967,18.685514362231967,0.0
